{
  "sigma_kind": "iso",
  "cfg": {
    "d_in": 64,
    "d_head": 64,
    "d_hidden": 64,
    "d_out": 64,
    "T": 16,
    "attn_scale": 0.015625,
    "spectrum_decay": 0.9
  },
  "baseline_mse": 9.077594143036549e-08,
  "alpha": 0.0007826082436189033,
  "alpha_r2": 0.9756586531714696,
  "alpha_global": 0.00013261187163889806,
  "alpha_global_r2": 0.22855183744622798,
  "power_A": 0.00012928379967080822,
  "power_p": 0.5737046853781735,
  "power_r2": 0.5522068260007194,
  "across_layer_ratio_min": 0.23142904644502413,
  "across_layer_ratio_max": 0.9827769528264555,
  "energies": [
    0.3,
    0.4,
    0.5,
    0.7,
    0.8,
    0.9,
    0.95,
    0.98,
    0.99,
    0.995,
    0.999
  ],
  "per_layer": {
    "q_proj": {
      "energy": [
        0.3,
        0.4,
        0.5,
        0.7,
        0.8,
        0.9,
        0.95,
        0.98,
        0.99,
        0.995,
        0.999
      ],
      "rank": [
        5,
        6,
        8,
        13,
        17,
        22,
        26,
        30,
        33,
        35,
        39
      ],
      "discarded_frac": [
        0.6542003452777863,
        0.599376767873764,
        0.49851757287979126,
        0.29040634632110596,
        0.17735505104064941,
        0.08828753232955933,
        0.04501223564147949,
        0.01901531219482422,
        0.008344769477844238,
        0.004558205604553223,
        0.0006183385848999023
      ],
      "measured": [
        5.336133362732198e-05,
        5.3056849353083635e-05,
        5.015822789289359e-05,
        3.551115405286964e-05,
        2.490954538814094e-05,
        1.2449839047690148e-05,
        6.648984978596673e-06,
        3.1096608807956727e-06,
        1.7215689211980134e-06,
        1.1776383388450995e-06,
        2.04067063691582e-07
      ],
      "quadratic": [
        5.336158210411668e-05,
        5.30571851413697e-05,
        5.0156526413047686e-05,
        3.5502613172866404e-05,
        2.4901268261601217e-05,
        1.2446465916582383e-05,
        6.645174380537355e-06,
        3.1086697163118515e-06,
        1.7212481679962366e-06,
        1.1782533420046093e-06,
        2.0397952482653636e-07
      ],
      "cross": [
        -2.4847679469530703e-10,
        -3.3578828606550815e-10,
        1.7014798459058511e-09,
        8.540880003238271e-09,
        8.277126539724122e-09,
        3.3731311077644932e-09,
        3.810598059317272e-09,
        9.911644838211942e-10,
        3.2075320177682443e-10,
        -6.150031595097971e-10,
        8.753886504564434e-11
      ],
      "discarded_energy_abs": [
        5.551564693450928,
        5.086330413818359,
        4.230435371398926,
        2.4643969535827637,
        1.5050402879714966,
        0.7492097616195679,
        0.3819742500782013,
        0.1613634079694748,
        0.07081376016139984,
        0.0386800654232502,
        0.005246588960289955
      ]
    },
    "k_proj": {
      "energy": [
        0.3,
        0.4,
        0.5,
        0.7,
        0.8,
        0.9,
        0.95,
        0.98,
        0.99,
        0.995,
        0.999
      ],
      "rank": [
        5,
        6,
        8,
        14,
        18,
        23,
        27,
        32,
        34,
        36,
        39
      ],
      "discarded_frac": [
        0.6459211111068726,
        0.5900046825408936,
        0.49266135692596436,
        0.2797282338142395,
        0.17784595489501953,
        0.09343093633651733,
        0.0473058819770813,
        0.016526341438293457,
        0.008800327777862549,
        0.003427743911743164,
        0.0005627274513244629
      ],
      "measured": [
        5.6123447208733523e-05,
        5.441575812881183e-05,
        5.143296475296211e-05,
        3.0022439020171987e-05,
        2.103222759330947e-05,
        1.2716033594983855e-05,
        5.4016652910604535e-06,
        2.964619667977786e-06,
        2.068172577196492e-06,
        1.1011523355364261e-06,
        1.5326422442285548e-07
      ],
      "quadratic": [
        5.611679080175236e-05,
        5.4408788855653256e-05,
        5.142990266904235e-05,
        3.0026647436898202e-05,
        2.1032414224464446e-05,
        1.2716069250018336e-05,
        5.402057468018029e-06,
        2.9672521577595035e-06,
        2.0700108507298864e-06,
        1.1033691862394335e-06,
        1.5510322270984034e-07
      ],
      "cross": [
        6.656406981164764e-09,
        6.9692731585746515e-09,
        3.0620839197581518e-09,
        -4.2084167262146366e-09,
        -1.8663115497474791e-10,
        -3.565503448044183e-11,
        -3.921769575754297e-10,
        -2.632489781717595e-09,
        -1.8382735333943856e-09,
        -2.216850703007367e-09,
        -1.838998286984861e-09
      ],
      "discarded_energy_abs": [
        5.558970928192139,
        5.077739238739014,
        4.239975929260254,
        2.4074158668518066,
        1.5305904150009155,
        0.8040909767150879,
        0.40712666511535645,
        0.14222921431064606,
        0.07573732733726501,
        0.029499080032110214,
        0.004841754212975502
      ]
    },
    "v_proj": {
      "energy": [
        0.3,
        0.4,
        0.5,
        0.7,
        0.8,
        0.9,
        0.95,
        0.98,
        0.99,
        0.995,
        0.999
      ],
      "rank": [
        5,
        7,
        10,
        16,
        20,
        26,
        31,
        36,
        39,
        41,
        45
      ],
      "discarded_frac": [
        0.6878038048744202,
        0.5912077724933624,
        0.4669654965400696,
        0.2848663330078125,
        0.19484734535217285,
        0.09942227602005005,
        0.047950148582458496,
        0.01872318983078003,
        0.00917893648147583,
        0.004940032958984375,
        0.0006076693534851074
      ],
      "measured": [
        6.211538747891154e-05,
        5.4994971648625324e-05,
        5.061606388778728e-05,
        3.9555600594098905e-05,
        2.8164899774196783e-05,
        1.3407814364541082e-05,
        5.390287512341274e-06,
        2.333929657538647e-06,
        1.2221449168237086e-06,
        7.40496872708718e-07,
        1.1070486038988747e-07
      ],
      "quadratic": [
        6.210977153386921e-05,
        5.498770042322576e-05,
        5.060643161414191e-05,
        3.955180727643892e-05,
        2.8158563509350643e-05,
        1.3405770005192608e-05,
        5.387905730458442e-06,
        2.3326952032221016e-06,
        1.2217118410262628e-06,
        7.40025086543028e-07,
        1.1223268359117355e-07
      ],
      "cross": [
        5.615945042336534e-09,
        7.271225399563264e-09,
        9.632273645365785e-09,
        3.793317659983586e-09,
        6.336264846140693e-09,
        2.044359348474245e-09,
        2.3817818828320014e-09,
        1.2344543165454525e-09,
        4.3307579744578106e-10,
        4.717861656899913e-10,
        -1.5278232012860826e-09
      ],
      "discarded_energy_abs": [
        8.087448120117188,
        6.951637268066406,
        5.490752220153809,
        3.349562406539917,
        2.291086196899414,
        1.1690435409545898,
        0.5638153553009033,
        0.22015342116355896,
        0.10792884975671768,
        0.05808594450354576,
        0.0071435049176216125
      ]
    },
    "mlp": {
      "energy": [
        0.3,
        0.4,
        0.5,
        0.7,
        0.8,
        0.9,
        0.95,
        0.98,
        0.99,
        0.995,
        0.999
      ],
      "rank": [
        5,
        7,
        10,
        16,
        20,
        27,
        32,
        38,
        41,
        43,
        48
      ],
      "discarded_frac": [
        0.6841931045055389,
        0.5878066420555115,
        0.4644450545310974,
        0.28323793411254883,
        0.19552242755889893,
        0.09264945983886719,
        0.04729747772216797,
        0.016363978385925293,
        0.008138179779052734,
        0.004521846771240234,
        0.0005735158920288086
      ],