{
  "sigma_kind": "aniso",
  "cfg": {
    "d_in": 64,
    "d_head": 64,
    "d_hidden": 64,
    "d_out": 64,
    "T": 16,
    "attn_scale": 0.015625,
    "spectrum_decay": 0.9
  },
  "baseline_mse": 9.656955057835148e-08,
  "alpha": 0.003029807862503964,
  "alpha_r2": 0.2980595298771095,
  "alpha_global": 0.0003676296032422932,
  "alpha_global_r2": -1.9055980989089747,
  "energies": [
    0.5,
    0.7,
    0.8,
    0.9,
    0.95,
    0.98,
    0.99,
    0.995,
    0.999
  ],
  "per_layer": {
    "q_proj": {
      "energy": [
        0.5,
        0.7,
        0.8,
        0.9,
        0.95,
        0.98,
        0.99,
        0.995,
        0.999
      ],
      "rank": [
        10,
        16,
        20,
        27,
        32,
        38,
        41,
        44,
        50
      ],
      "discarded_frac": [
        0.46547698974609375,
        0.2843130826950073,
        0.19669246673583984,
        0.09496098756790161,
        0.048194706439971924,
        0.01802682876586914,
        0.009612977504730225,
        0.00498729944229126,
        0.0008426308631896973
      ],
      "measured": [
        6.970794188987384e-05,
        4.920772030914122e-05,
        4.493343718081633e-05,
        3.359664393087769e-05,
        2.5177104049589616e-05,
        1.6799195378780496e-05,
        9.382023250736893e-06,
        5.762170673051514e-06,
        1.3093849986489658e-06
      ],
      "quadratic": [
        6.973206473048776e-05,
        4.923314554616809e-05,
        4.495472239796072e-05,
        3.361993367434479e-05,
        2.5194261979777366e-05,
        1.6813211914268322e-05,
        9.391585990670137e-06,
        5.769829840573948e-06,
        1.3111164207657566e-06
      ],
      "cross": [
        -2.412284061392711e-08,
        -2.5425237026865943e-08,
        -2.1285217144395574e-08,
        -2.3289743467103108e-08,
        -1.7157930187750026e-08,
        -1.4016535487826332e-08,
        -9.562739933244302e-09,
        -7.659167522433563e-09,
        -1.7314221167907817e-09
      ],
      "discarded_energy_abs": [
        7.7961273193359375,
        4.761868953704834,
        3.294339179992676,
        1.590469479560852,
        0.8071956634521484,
        0.30192452669143677,
        0.1610044240951538,
        0.08352969586849213,
        0.01411164365708828
      ]
    },
    "k_proj": {
      "energy": [
        0.5,
        0.7,
        0.8,
        0.9,
        0.95,
        0.98,
        0.99,
        0.995,
        0.999
      ],
      "rank": [
        10,
        16,
        20,
        27,
        32,
        38,
        42,
        45,
        51
      ],
      "discarded_frac": [
        0.46369242668151855,
        0.2782050371170044,
        0.1920166015625,
        0.09396010637283325,
        0.049588918685913086,
        0.019770324230194092,
        0.00915616750717163,
        0.0046042799949646,
        0.0007333159446716309
      ],
      "measured": [
        7.126333790097306e-05,
        6.350056051473985e-05,
        6.061928129952321e-05,
        3.315040945039982e-05,
        1.779381332767116e-05,
        1.198705254523702e-05,
        8.249156650208533e-06,
        4.574934479251169e-06,
        9.080694383101218e-07
      ],
      "quadratic": [
        7.128273136913776e-05,
        6.35259784758091e-05,
        6.0642290918622166e-05,
        3.316422589705326e-05,
        1.780049024091568e-05,
        1.1990990060439799e-05,
        8.252451152657159e-06,
        4.578302196023287e-06,
        9.092194659388042e-07
      ],
      "cross": [
        -1.9393468164707883e-08,
        -2.541796106925176e-08,
        -2.3009619098957046e-08,
        -1.3816446653436287e-08,
        -6.676913244518801e-09,
        -3.937515202778741e-09,
        -3.2945024486252805e-09,
        -3.3677167721180012e-09,
        -1.1500276286824374e-09
      ],
      "discarded_energy_abs": [
        7.232111930847168,
        4.33910608291626,
        2.9948437213897705,
        1.4654771089553833,
        0.7734289169311523,
        0.3083544969558716,
        0.14280790090560913,
        0.07181333750486374,
        0.011439875699579716
      ]
    },
    "v_proj": {
      "energy": [
        0.5,
        0.7,
        0.8,
        0.9,
        0.95,
        0.98,
        0.99,
        0.995,
        0.999
      ],
      "rank": [
        7,
        11,
        14,
        19,
        22,
        26,
        28,
        30,
        34
      ],
      "discarded_frac": [
        0.45584923028945923,
        0.2820318937301636,
        0.1904609203338623,
        0.08830749988555908,
        0.048459768295288086,
        0.014769315719604492,
        0.007969141006469727,
        0.0036766529083251953,
        0.0008330345153808594
      ],
      "measured": [
        7.780153524095113e-05,
        5.291440598398367e-05,
        4.5021163401770536e-05,
        3.220800559233794e-05,
        2.5677524405409713e-05,
        1.0450619498669766e-05,
        8.531433792313692e-06,
        6.164541133557577e-06,
        1.7590911340903403e-06
      ],
      "quadratic": [
        7.781313615851104e-05,
        5.292378045851365e-05,
        4.5037064410280436e-05,
        3.2219497370533645e-05,
        2.567885530879721e-05,
        1.045375393005088e-05,
        8.532369065505918e-06,
        6.16693159827264e-06,
        1.760551413099165e-06
      ],
      "cross": [
        -1.1600917559917434e-08,
        -9.374474529977306e-09,
        -1.590100850989984e-08,
        -1.1491778195704683e-08,
        -1.3309033874975285e-09,
        -3.134431381113245e-09,
        -9.352731922263047e-10,
        -2.39046471506299e-09,
        -1.4602790088247275e-09
      ],
      "discarded_energy_abs": [
        4.7902092933654785,
        2.9636802673339844,
        2.0014231204986572,
        0.927963376045227,
        0.5092313289642334,
        0.1552017480134964,
        0.0837429091334343,
        0.03863576054573059,
        0.0087539441883564
      ]
    },
    "mlp": {
      "energy": [
        0.5,
        0.7,
        0.8,
        0.9,
        0.95,
        0.98,
        0.99,
        0.995,
        0.999
      ],
      "rank": [
        11,
        18,
        23,
        30,
        36,
        42,
        46,
        49,
        54
      ],
      "discarded_frac": [
        0.47250276803970337,
        0.2823386788368225,
        0.18311351537704468,
        0.09110808372497559,
        0.04513174295425415,
        0.01937711238861084,
        0.00912332534790039,
        0.004129528999328613,
        0.0006911158561706543
      ],
      "measured": [
        0.00021778825308160776,
        0.0002355059229159906,
        0.00020024279061203742,
        0.00017162404824944133,
        0.0001131239738754175,
        8.645382754934872e-05,
        5.5101224148756955e-05,
        2.247370017016692e-05,
        4.826372475008611e-06
      ],
      "quadratic": [
        0.00021780547103844583,
        0.0002355194155825302,
        0.00020024945843033493,
        0.0001716397819109261,
        0.0001131305325543508,
        8.645712659927085e-05,
        5.510573828360066e-05,
        2.2483533030026592e-05,
        4.8319179768441245e-06
      ],
      "cross": [
        -1.721795683806704e-08,
        -1.3492666539605125e-08,
        -6.667818297501071e-09,
        -1.573366148477362e-08,
        -6.55867893328832e-09,
        -3.299049922134145e-09,
        -4.514134843702777e-09,
        -9.832859859670862e-09,
        -5.545501835513278e-09
      ],
      "discarded_energy_abs": [
        9.131104469299316,
        5.456187725067139,
        3.538663148880005,
        1.760660171508789,
        0.8721684813499451,
        0.37446099519729614,
        0.17630644142627716,
        0.07980183511972427,
        0.013354628346860409
      ]
    },
    "readout": {
      "energy": [
        0.5,
        0.7,
        0.8,
        0.9,
        0.95,
        0.98,
        0.99,
        0.995,
        0.999
      ],